fixture_id,season_id,gameweek,kickoff_datetime,stadium,attendance,home_team_id,away_team_id,fixture_status
124791,777,1,2025-08-15 19:00:00,Anfield,60315,10,127,C
124792,777,1,2025-08-16 11:30:00,Villa Park,42526,2,23,C
124793,777,1,2025-08-16 14:00:00,American Express Stadium,31478,131,34,C
124794,777,1,2025-08-17 13:00:00,The City Ground,29949,15,130,C
124795,777,1,2025-08-16 14:00:00,Stadium of Light,46233,29,25,C
124796,777,1,2025-08-16 14:00:00,Tottenham Hotspur Stadium,61077,21,43,C
124797,777,1,2025-08-16 16:30:00,Molineux Stadium,31118,38,11,C
124798,777,1,2025-08-17 13:00:00,Stamford Bridge,39678,4,6,C
124799,777,1,2025-08-17 15:30:00,Old Trafford,73475,12,1,C
124800,777,1,2025-08-18 19:00:00,Elland Road,36820,9,7,C
124801,777,2,2025-08-23 16:30:00,Emirates Stadium,60110,1,9,C
124802,777,2,2025-08-23 14:00:00,Vitality Stadium,11070,127,38,C
124803,777,2,2025-08-23 14:00:00,Gtech Community Stadium,16838,130,2,C
124804,777,2,2025-08-23 14:00:00,Turf Moor,21285,43,29,C
124805,777,2,2025-08-24 13:00:00,Selhurst Park,24876,6,15,C
124806,777,2,2025-08-24 13:00:00,Hill Dickinson Stadium,51759,7,131,C
124807,777,2,2025-08-24 15:30:00,Craven Cottage,27512,34,12,C
124808,777,2,2025-08-23 11:30:00,Etihad Stadium,52491,11,21,C
124809,777,2,2025-08-25 19:00:00,St. James' Park,52230,23,10,C
124810,777,2,2025-08-22 19:00:00,London Stadium,62462,25,4,C
124811,777,3,2025-08-31 18:00:00,Villa Park,41036,2,6,C
124812,777,3,2025-08-31 13:00:00,American Express Stadium,31485,131,11,C
124813,777,3,2025-08-30 11:30:00,Stamford Bridge,39745,4,34,C
124814,777,3,2025-08-30 16:30:00,Elland Road,36727,9,23,C
124815,777,3,2025-08-31 15:30:00,Anfield,60455,10,1,C
124816,777,3,2025-08-30 14:00:00,Old Trafford,74257,12,43,C
124817,777,3,2025-08-31 13:00:00,The City Ground,30215,15,25,C
124818,777,3,2025-08-30 14:00:00,Stadium of Light,46267,29,130,C
124819,777,3,2025-08-30 14:00:00,Tottenham Hotspur Stadium,61250,21,127,C
124820,777,3,2025-08-30 14:00:00,Molineux Stadium,30271,38,7,C
124821,777,4,2025-09-13 11:30:00,Emirates Stadium,60167,1,15,C
124822,777,4,2025-09-13 14:00:00,Vitality Stadium,11167,127,131,C
124823,777,4,2025-09-13 19:00:00,Gtech Community Stadium,16795,130,4,C
124824,777,4,2025-09-14 13:00:00,Turf Moor,21678,43,10,C
124825,777,4,2025-09-13 14:00:00,Selhurst Park,25154,6,29,C
124826,777,4,2025-09-13 14:00:00,Hill Dickinson Stadium,52114,7,2,C
124827,777,4,2025-09-13 14:00:00,Craven Cottage,27327,34,9,C
124828,777,4,2025-09-14 15:30:00,Etihad Stadium,52534,11,12,C
124829,777,4,2025-09-13 14:00:00,St. James' Park,52145,23,38,C
124830,777,4,2025-09-13 16:30:00,London Stadium,62459,25,21,C
124831,777,5,2025-09-21 15:30:00,Emirates Stadium,60161,1,11,C
124832,777,5,2025-09-21 13:00:00,Vitality Stadium,11212,127,23,C
124833,777,5,2025-09-20 14:00:00,American Express Stadium,31488,131,21,C
124834,777,5,2025-09-20 14:00:00,Turf Moor,21475,43,15,C
124835,777,5,2025-09-20 19:00:00,Craven Cottage,26113,34,130,C
124836,777,5,2025-09-20 11:30:00,Anfield,60342,10,7,C
124837,777,5,2025-09-20 16:30:00,Old Trafford,74124,12,4,C
124838,777,5,2025-09-21 13:00:00,Stadium of Light,46261,29,2,C
124839,777,5,2025-09-20 14:00:00,London Stadium,62455,25,6,C
124840,777,5,2025-09-20 14:00:00,Molineux Stadium,30807,38,9,C
124841,777,6,2025-09-28 13:00:00,Villa Park,40350,2,34,C
124842,777,6,2025-09-27 11:30:00,Gtech Community Stadium,17193,130,12,C
124843,777,6,2025-09-27 14:00:00,Stamford Bridge,39597,4,131,C
124844,777,6,2025-09-27 14:00:00,Selhurst Park,25118,6,10,C
124845,777,6,2025-09-29 19:00:00,Hill Dickinson Stadium,51890,7,25,C
124846,777,6,2025-09-27 14:00:00,Elland Road,36574,9,127,C
124847,777,6,2025-09-27 14:00:00,Etihad Stadium,52427,11,43,C
124848,777,6,2025-09-28 15:30:00,St. James' Park,52199,23,1,C
124849,777,6,2025-09-27 16:30:00,The City Ground,30226,15,29,C
124850,777,6,2025-09-27 19:00:00,Tottenham Hotspur Stadium,60537,21,38,C
124851,777,7,2025-10-04 14:00:00,Emirates Stadium,60181,1,25,C
124852,777,7,2025-10-05 13:00:00,Villa Park,40308,2,43,C
124853,777,7,2025-10-03 19:00:00,Vitality Stadium,11165,127,34,C
124854,777,7,2025-10-05 15:30:00,Gtech Community Stadium,17140,130,11,C
124855,777,7,2025-10-04 16:30:00,Stamford Bridge,39767,4,10,C
124856,777,7,2025-10-05 13:00:00,Hill Dickinson Stadium,51770,7,6,C
124857,777,7,2025-10-04 11:30:00,Elland Road,36703,9,21,C
124858,777,7,2025-10-04 14:00:00,Old Trafford,74004,12,29,C
124859,777,7,2025-10-05 13:00:00,St. James' Park,52189,23,15,C
124860,777,7,2025-10-05 13:00:00,Molineux Stadium,29504,38,131,C
124861,777,8,2025-10-18 14:00:00,American Express Stadium,31620,131,23,C
124862,777,8,2025-10-18 14:00:00,Turf Moor,21646,43,9,C
124863,777,8,2025-10-18 14:00:00,Selhurst Park,25125,6,127,C
124864,777,8,2025-10-18 16:30:00,Craven Cottage,27736,34,1,C
124865,777,8,2025-10-19 15:30:00,Anfield,60337,10,12,C
124866,777,8,2025-10-18 14:00:00,Etihad Stadium,52498,11,7,C
124867,777,8,2025-10-18 11:30:00,The City Ground,30495,15,4,C
124868,777,8,2025-10-18 14:00:00,Stadium of Light,46578,29,38,C
124869,777,8,2025-10-19 13:00:00,Tottenham Hotspur Stadium,61291,21,2,C
124870,777,8,2025-10-20 19:00:00,London Stadium,62452,25,130,C
124871,777,9,2025-10-26 14:00:00,Emirates Stadium,60103,1,6,C
124872,777,9,2025-10-26 14:00:00,Villa Park,41988,2,11,C
124873,777,9,2025-10-26 14:00:00,Vitality Stadium,11204,127,15,C
124874,777,9,2025-10-25 19:00:00,Gtech Community Stadium,17214,130,10,C
124875,777,9,2025-10-25 14:00:00,Stamford Bridge,39489,4,29,C
124876,777,9,2025-10-26 16:30:00,Hill Dickinson Stadium,52501,7,21,C
124877,777,9,2025-10-24 19:00:00,Elland Road,36788,9,25,C
124878,777,9,2025-10-25 16:30:00,Old Trafford,73987,12,131,C
124879,777,9,2025-10-25 14:00:00,St. James' Park,52152,23,34,C
124880,777,9,2025-10-26 14:00:00,Molineux Stadium,29116,38,43,C
124881,777,10,2025-11-01 15:00:00,American Express Stadium,31512,131,9,C
124882,777,10,2025-11-01 15:00:00,Turf Moor,21538,43,1,C
124883,777,10,2025-11-01 15:00:00,Selhurst Park,25083,6,130,C
124884,777,10,2025-11-01 15:00:00,Craven Cottage,26413,34,38,C
124885,777,10,2025-11-01 20:00:00,Anfield,60407,10,2,C
124886,777,10,2025-11-02 16:30:00,Etihad Stadium,52387,11,127,C
124887,777,10,2025-11-01 15:00:00,The City Ground,30778,15,12,C
124888,777,10,2025-11-03 20:00:00,Stadium of Light,41476,29,7,C
124889,777,10,2025-11-01 17:30:00,Tottenham Hotspur Stadium,61202,21,4,C
124890,777,10,2025-11-02 14:00:00,London Stadium,62441,25,23,C
124891,777,11,2025-11-09 14:00:00,Villa Park,40792,2,127,C
124892,777,11,2025-11-09 14:00:00,Gtech Community Stadium,17207,130,23,C
124893,777,11,2025-11-08 20:00:00,Stamford Bridge,39467,4,38,C
124894,777,11,2025-11-09 14:00:00,Selhurst Park,24326,6,131,C
124895,777,11,2025-11-08 15:00:00,Hill Dickinson Stadium,52491,7,34,C
124896,777,11,2025-11-09 16:30:00,Etihad Stadium,52511,11,10,C
124897,777,11,2025-11-09 14:00:00,The City Ground,30708,15,9,C
124898,777,11,2025-11-08 17:30:00,Stadium of Light,46799,29,1,C
124899,777,11,2025-11-08 12:30:00,Tottenham Hotspur Stadium,61210,21,12,C
124900,777,11,2025-11-08 15:00:00,London Stadium,62449,25,43,C
124901,777,12,2025-11-23 16:30:00,Emirates Stadium,60345,1,21,C
124902,777,12,2025-11-22 15:00:00,Vitality Stadium,11216,127,25,C
124903,777,12,2025-11-22 15:00:00,American Express Stadium,31358,131,130,C
124904,777,12,2025-11-22 12:30:00,Turf Moor,21499,43,4,C
124905,777,12,2025-11-22 15:00:00,Craven Cottage,27560,34,29,C
124906,777,12,2025-11-23 14:00:00,Elland Road,36819,9,2,C
124907,777,12,2025-11-22 15:00:00,Anfield,60419,10,15,C
124908,777,12,2025-11-24 20:00:00,Old Trafford,74158,12,7,C
124909,777,12,2025-11-22 17:30:00,St. James' Park,52181,23,11,C
124910,777,12,2025-11-22 15:00:00,Molineux Stadium,29976,38,6,C
124911,777,13,2025-11-30 14:05:00,Villa Park,42139,2,38,C
124912,777,13,2025-11-29 15:00:00,Gtech Community Stadium,17176,130,43,C
124913,777,13,2025-11-30 16:30:00,Stamford Bridge,39820,4,1,C
124914,777,13,2025-11-30 12:00:00,Selhurst Park,25189,6,12,C
124915,777,13,2025-11-29 17:30:00,Hill Dickinson Stadium,52244,7,23,C
124916,777,13,2025-11-29 15:00:00,Etihad Stadium,52483,11,9,C
124917,777,13,2025-11-30 14:05:00,The City Ground,30522,15,131,C
124918,777,13,2025-11-29 15:00:00,Stadium of Light,46973,29,127,C
124919,777,13,2025-11-29 20:00:00,Tottenham Hotspur Stadium,60546,21,34,C
124920,777,13,2025-11-30 14:05:00,London Stadium,62469,25,10,C
124921,777,14,2025-12-03 19:30:00,Emirates Stadium,60110,1,130,C
124922,777,14,2025-12-02 19:30:00,Vitality Stadium,11161,127,7,C
124923,777,14,2025-12-03 19:30:00,American Express Stadium,31180,131,2,C
124924,777,14,2025-12-03 19:30:00,Turf Moor,19365,43,6,C
124925,777,14,2025-12-02 19:30:00,Craven Cottage,26700,34,11,C
124926,777,14,2025-12-03 20:15:00,Elland Road,36767,9,4,C
124927,777,14,2025-12-03 20:15:00,Anfield,60414,10,29,C
124928,777,14,2025-12-04 20:00:00,Old Trafford,73938,12,25,C
124929,777,14,2025-12-02 20:15:00,St. James' Park,52007,23,21,C
124930,777,14,2025-12-03 19:30:00,Molineux Stadium,28646,38,15,C
124931,777,15,2025-12-06 12:30:00,Villa Park,42888,2,1,C
124932,777,15,2025-12-06 15:00:00,Vitality Stadium,11240,127,4,C
124933,777,15,2025-12-07 14:00:00,American Express Stadium,31293,131,25,C
124934,777,15,2025-12-06 15:00:00,Hill Dickinson Stadium,52501,7,15,C
124935,777,15,2025-12-07 16:30:00,Craven Cottage,27283,34,6,C
124936,777,15,2025-12-06 17:30:00,Elland Road,36842,9,10,C
124937,777,15,2025-12-06 15:00:00,Etihad Stadium,52436,11,29,C
124938,777,15,2025-12-06 15:00:00,St. James' Park,52041,23,43,C
124939,777,15,2025-12-06 15:00:00,Tottenham Hotspur Stadium,60759,21,130,C
124940,777,15,2025-12-08 20:00:00,Molineux Stadium,30338,38,12,C
124941,777,16,2025-12-13 20:00:00,Emirates Stadium,60242,1,38,C
124942,777,16,2025-12-14 16:30:00,Gtech Community Stadium,17159,130,9,C
124943,777,16,2025-12-13 17:30:00,Turf Moor,19739,43,34,C
124944,777,16,2025-12-13 15:00:00,Stamford Bridge,39552,4,7,C
124945,777,16,2025-12-14 14:00:00,Selhurst Park,25166,6,11,C
124946,777,16,2025-12-13 15:00:00,Anfield,60429,10,131,C
124947,777,16,2025-12-15 20:00:00,Old Trafford,73951,12,127,C
124948,777,16,2025-12-14 14:00:00,The City Ground,30579,15,21,C
124949,777,16,2025-12-14 14:00:00,Stadium of Light,47158,29,23,C
124950,777,16,2025-12-14 14:00:00,London Stadium,62447,25,2,C
124951,777,17,2025-12-21 16:30:00,Villa Park,43157,2,12,C
124952,777,17,2025-12-20 15:00:00,Vitality Stadium,10762,127,43,C
124953,777,17,2025-12-20 15:00:00,American Express Stadium,31426,131,29,C
124954,777,17,2025-12-20 20:00:00,Hill Dickinson Stadium,52513,7,1,C
124955,777,17,2025-12-22 20:00:00,Craven Cottage,27136,34,15,C
124956,777,17,2025-12-20 20:00:00,Elland Road,36334,9,6,C
124957,777,17,2025-12-20 15:00:00,Etihad Stadium,52454,11,25,C
124958,777,17,2025-12-20 12:30:00,St. James' Park,52226,23,4,C
124959,777,17,2025-12-20 17:30:00,Tottenham Hotspur Stadium,61138,21,10,C
124960,777,17,2025-12-20 15:00:00,Molineux Stadium,27662,38,130,C
124961,777,18,2025-12-27 15:00:00,Emirates Stadium,60209,1,131,C
124962,777,18,2025-12-27 15:00:00,Gtech Community Stadium,17152,130,127,C
124963,777,18,2025-12-27 15:00:00,Turf Moor,21637,43,7,C
124964,777,18,2025-12-27 17:30:00,Stamford Bridge,39765,4,2,C
124965,777,18,2025-12-28 16:30:00,Selhurst Park,25186,6,21,C
124966,777,18,2025-12-27 15:00:00,Anfield,60466,10,38,C
124967,777,18,2025-12-26 20:00:00,Old Trafford,73996,12,23,C
124968,777,18,2025-12-27 12:30:00,The City Ground,30778,15,11,C
124969,777,18,2025-12-28 14:00:00,Stadium of Light,46675,29,9,C
124970,777,18,2025-12-27 15:00:00,London Stadium,62464,25,34,C
124971,777,19,2025-12-30 20:15:00,Emirates Stadium,60279,1,2,C
124972,777,19,2026-01-01 20:00:00,Gtech Community Stadium,17141,130,21,C
124973,777,19,2025-12-30 19:30:00,Turf Moor,21020,43,23,C
124974,777,19,2025-12-30 19:30:00,Stamford Bridge,39622,4,127,C
124975,777,19,2026-01-01 17:30:00,Selhurst Park,25111,6,34,C
124976,777,19,2026-01-01 17:30:00,Anfield,60343,10,9,C
124977,777,19,2025-12-30 20:15:00,Old Trafford,73941,12,38,C
124978,777,19,2025-12-30 19:30:00,The City Ground,30617,15,7,C
124979,777,19,2026-01-01 20:00:00,Stadium of Light,46920,29,11,C
124980,777,19,2025-12-30 19:30:00,London Stadium,62438,25,131,C
124981,777,20,2026-01-03 12:30:00,Villa Park,43039,2,15,C
124982,777,20,2026-01-03 17:30:00,Vitality Stadium,11240,127,1,C
124983,777,20,2026-01-03 15:00:00,American Express Stadium,31373,131,43,C
124984,777,20,2026-01-04 15:00:00,Hill Dickinson Stadium,52514,7,130,C
124985,777,20,2026-01-04 15:15:00,Craven Cottage,27547,34,10,C
124986,777,20,2026-01-04 12:30:00,Elland Road,36909,9,12,C
124987,777,20,2026-01-04 17:30:00,Etihad Stadium,52503,11,4,C
124988,777,20,2026-01-04 15:00:00,St. James' Park,51979,23,6,C
124989,777,20,2026-01-04 15:00:00,Tottenham Hotspur Stadium,60877,21,29,C
124990,777,20,2026-01-03 15:00:00,Molineux Stadium,29874,38,25,C
124991,777,21,2026-01-08 20:00:00,Emirates Stadium,60258,1,10,C
124992,777,21,2026-01-07 19:30:00,Vitality Stadium,11212,127,21,C
124993,777,21,2026-01-07 19:30:00,Gtech Community Stadium,17016,130,29,C
124994,777,21,2026-01-07 20:15:00,Turf Moor,21047,43,12,C
124995,777,21,2026-01-07 19:30:00,Selhurst Park,24841,6,2,C
124996,777,21,2026-01-07 19:30:00,Hill Dickinson Stadium,51768,7,38,C
124997,777,21,2026-01-07 19:30:00,Craven Cottage,26990,34,4,C
124998,777,21,2026-01-07 19:30:00,Etihad Stadium,51728,11,131,C
124999,777,21,2026-01-07 20:15:00,St. James' Park,52176,23,9,C
125000,777,21,2026-01-06 20:00:00,London Stadium,62429,25,15,C
125001,777,22,2026-01-18 16:30:00,Villa Park,42770,2,7,C
125002,777,22,2026-01-19 20:00:00,American Express Stadium,30172,131,127,C
125003,777,22,2026-01-17 15:00:00,Stamford Bridge,39704,4,130,C
125004,777,22,2026-01-17 15:00:00,Elland Road,36300,9,34,C
125005,777,22,2026-01-17 15:00:00,Anfield,60431,10,43,C
125006,777,22,2026-01-17 12:30:00,Old Trafford,74004,12,11,C
125007,777,22,2026-01-17 17:30:00,The City Ground,30729,15,1,C
125008,777,22,2026-01-17 15:00:00,Stadium of Light,47257,29,6,C
125009,777,22,2026-01-17 15:00:00,Tottenham Hotspur Stadium,60857,21,25,C
125010,777,22,2026-01-18 14:00:00,Molineux Stadium,29751,38,23,C
125011,777,23,2026-01-25 16:30:00,Emirates Stadium,60296,1,12,C
125012,777,23,2026-01-24 17:30:00,Vitality Stadium,11260,127,10,C
125013,777,23,2026-01-25 14:00:00,Gtech Community Stadium,17134,130,15,C
125014,777,23,2026-01-24 15:00:00,Turf Moor,21618,43,21,C
125015,777,23,2026-01-25 14:00:00,Selhurst Park,25163,6,4,C
125016,777,23,2026-01-26 20:00:00,Hill Dickinson Stadium,51979,7,9,C
125017,777,23,2026-01-24 15:00:00,Craven Cottage,27239,34,131,C
125018,777,23,2026-01-24 15:00:00,Etihad Stadium,52469,11,38,C
125019,777,23,2026-01-25 14:00:00,St. James' Park,52134,23,2,C
125020,777,23,2026-01-24 12:30:00,London Stadium,62456,25,29,C
125021,777,24,2026-02-01 14:00:00,Villa Park,41415,2,130,C
125022,777,24,2026-01-31 15:00:00,American Express Stadium,31419,131,7,C
125023,777,24,2026-01-31 17:30:00,Stamford Bridge,39430,4,25,C
125024,777,24,2026-01-31 15:00:00,Elland Road,36858,9,1,C
125025,777,24,2026-01-31 20:00:00,Anfield,60416,10,23,C
125026,777,24,2026-02-01 14:00:00,Old Trafford,73932,12,34,C
125027,777,24,2026-02-01 14:00:00,The City Ground,30334,15,6,C
125028,777,24,2026-02-02 20:00:00,Stadium of Light,46370,29,43,C
125029,777,24,2026-02-01 16:30:00,Tottenham Hotspur Stadium,61337,21,11,C
125030,777,24,2026-01-31 15:00:00,Molineux Stadium,30161,38,127,C
125031,777,25,2026-02-07 15:00:00,Emirates Stadium,60312,1,29,C
125032,777,25,2026-02-07 15:00:00,Vitality Stadium,11248,127,2,C
125033,777,25,2026-02-08 14:00:00,American Express Stadium,31179,131,6,C
125034,777,25,2026-02-07 15:00:00,Turf Moor,21273,43,25,C
125035,777,25,2026-02-07 15:00:00,Craven Cottage,27155,34,7,C
125036,777,25,2026-02-06 20:00:00,Elland Road,36835,9,15,C
125037,777,25,2026-02-08 16:30:00,Anfield,60336,10,11,C
125038,777,25,2026-02-07 12:30:00,Old Trafford,73985,12,21,C
125039,777,25,2026-02-07 17:30:00,St. James' Park,52032,23,130,C
125040,777,25,2026-02-07 15:00:00,Molineux Stadium,29762,38,4,C
125041,777,26,2026-02-11 19:30:00,Villa Park,39495,2,131,C
125042,777,26,2026-02-12 20:00:00,Gtech Community Stadium,17224,130,1,C
125043,777,26,2026-02-10 19:30:00,Stamford Bridge,39253,4,9,C
125044,777,26,2026-02-11 19:40:00,Selhurst Park,,6,43,C
125045,777,26,2026-02-10 19:30:00,Hill Dickinson Stadium,50196,7,127,C
125046,777,26,2026-02-11 19:30:00,Etihad Stadium,50717,11,34,C
125047,777,26,2026-02-11 19:30:00,The City Ground,29921,15,38,C
125048,777,26,2026-02-11 20:15:00,Stadium of Light,,29,10,C
125049,777,26,2026-02-10 19:30:00,Tottenham Hotspur Stadium,59773,21,23,C
125050,777,26,2026-02-10 20:15:00,London Stadium,62473,25,12,C
125051,777,27,2026-02-21 15:00:00,Villa Park,43048,2,9,C
125052,777,27,2026-02-21 15:00:00,Gtech Community Stadium,17163,130,131,C
125053,777,27,2026-02-21 15:00:00,Stamford Bridge,39603,4,43,C
125054,777,27,2026-02-22 14:00:00,Selhurst Park,24547,6,38,C
125055,777,27,2026-02-23 20:00:00,Hill Dickinson Stadium,52326,7,12,C
125056,777,27,2026-02-21 20:00:00,Etihad Stadium,52187,11,23,C
125057,777,27,2026-02-22 14:00:00,The City Ground,30737,15,10,C
125058,777,27,2026-02-22 14:00:00,Stadium of Light,47222,29,34,C
125059,777,27,2026-02-22 16:30:00,Tottenham Hotspur Stadium,61439,21,1,C
125060,777,27,2026-02-21 17:30:00,London Stadium,62437,25,127,C
125061,777,28,2026-03-01 16:30:00,Emirates Stadium,60296,1,4,C
125062,777,28,2026-02-28 12:30:00,Vitality Stadium,11240,127,29,C
125063,777,28,2026-03-01 14:00:00,American Express Stadium,31427,131,15,C
125064,777,28,2026-02-28 15:00:00,Turf Moor,20069,43,130,C
125065,777,28,2026-03-01 14:00:00,Craven Cottage,27439,34,21,C
125066,777,28,2026-02-28 17:30:00,Elland Road,36838,9,11,C
125067,777,28,2026-02-28 15:00:00,Anfield,60425,10,25,C
125068,777,28,2026-03-01 14:00:00,Old Trafford,73934,12,6,C
125069,777,28,2026-02-28 15:00:00,St. James' Park,52514,23,7,C
125070,777,28,2026-02-27 20:00:00,Molineux Stadium,30197,38,2,C
125071,777,29,2026-03-04 19:30:00,Villa Park,42084,2,4,C
125072,777,29,2026-03-03 19:30:00,Vitality Stadium,11108,127,130,C
125073,777,29,2026-03-04 19:30:00,American Express Stadium,31575,131,1,C
125074,777,29,2026-03-03 19:30:00,Hill Dickinson Stadium,51959,7,43,C
125075,777,29,2026-03-04 19:30:00,Craven Cottage,27191,34,25,C
125076,777,29,2026-03-03 19:30:00,Elland Road,36713,9,29,C
125077,777,29,2026-03-04 19:30:00,Etihad Stadium,51965,11,15,C
125078,777,29,2026-03-04 20:15:00,St. James' Park,52184,23,12,C
125079,777,29,2026-03-05 20:00:00,Tottenham Hotspur Stadium,60213,21,6,C
125080,777,29,2026-03-03 20:15:00,Molineux Stadium,30247,38,10,C
125081,777,30,2026-03-14 17:30:00,Emirates Stadium,60176,1,7,C
125082,777,30,2026-03-16 20:00:00,Gtech Community Stadium,17155,130,38,C
125083,777,30,2026-03-14 15:00:00,Turf Moor,20281,43,127,C
125084,777,30,2026-03-14 17:30:00,Stamford Bridge,39587,4,23,C
125085,777,30,2026-03-15 14:00:00,Selhurst Park,25155,6,9,C
125086,777,30,2026-03-15 16:30:00,Anfield,60386,10,21,C
125087,777,30,2026-03-15 14:00:00,Old Trafford,73997,12,2,C
125088,777,30,2026-03-15 14:00:00,The City Ground,30013,15,34,C
125089,777,30,2026-03-14 15:00:00,Stadium of Light,47197,29,131,C
125090,777,30,2026-03-14 20:00:00,London Stadium,62459,25,11,C
125091,777,31,2026-03-22 14:15:00,Villa Park,42130,2,25,C
125092,777,31,2026-03-20 20:00:00,Vitality Stadium,11250,127,12,C
125093,777,31,2026-03-21 12:45:00,American Express Stadium,31680,131,10,C
125094,777,31,2026-03-21 17:30:00,Hill Dickinson Stadium,52547,7,4,C
125095,777,31,2026-03-21 15:00:00,Craven Cottage,27323,34,43,C
125096,777,31,2026-03-21 20:00:00,Elland Road,36386,9,130,C
125097,777,36,2026-05-13 19:00:00,Etihad Stadium,,11,6,C
125098,777,31,2026-03-22 12:00:00,St. James' Park,52253,23,29,C
125099,777,31,2026-03-22 14:15:00,Tottenham Hotspur Stadium,61519,21,15,C
125100,777,31,2026-02-18 20:00:00,Molineux Stadium,29843,38,1,C
125101,777,32,2026-04-11 11:30:00,Emirates Stadium,60210,1,127,C
125102,777,32,2026-04-11 14:00:00,Gtech Community Stadium,17220,130,7,C
125103,777,32,2026-04-11 14:00:00,Turf Moor,20408,43,131,C
125104,777,32,2026-04-12 15:30:00,Stamford Bridge,39552,4,11,C
125105,777,32,2026-04-12 13:00:00,Selhurst Park,25141,6,23,C
125106,777,32,2026-04-11 16:30:00,Anfield,60401,10,34,C
125107,777,32,2026-04-13 19:00:00,Old Trafford,74018,12,9,C
125108,777,32,2026-04-12 13:00:00,The City Ground,30591,15,2,C
125109,777,32,2026-04-12 13:00:00,Stadium of Light,47010,29,21,C
125110,777,32,2026-04-10 19:00:00,London Stadium,62457,25,38,C
125111,777,33,2026-04-19 13:00:00,Villa Park,42599,2,29,C
125112,777,33,2026-04-18 11:30:00,Gtech Community Stadium,17171,130,34,C
125113,777,33,2026-04-18 19:00:00,Stamford Bridge,39733,4,12,C
125114,777,33,2026-04-20 19:00:00,Selhurst Park,24974,6,25,C
125115,777,33,2026-04-19 13:00:00,Hill Dickinson Stadium,52585,7,10,C
125116,777,33,2026-04-18 14:00:00,Elland Road,36840,9,38,C
125117,777,33,2026-04-19 15:30:00,Etihad Stadium,52523,11,1,C
125118,777,33,2026-04-18 14:00:00,St. James' Park,52109,23,127,C
125119,777,33,2026-04-19 13:00:00,The City Ground,29458,15,43,C
125120,777,33,2026-04-18 16:30:00,Tottenham Hotspur Stadium,61167,21,131,C
125121,777,34,2026-04-25 16:30:00,Emirates Stadium,60204,1,23,C
125122,777,34,2026-04-22 19:00:00,Vitality Stadium,11226,127,9,C
125123,777,34,2026-04-21 19:00:00,American Express Stadium,31220,131,4,C
125124,777,34,2026-04-22 19:00:00,Turf Moor,21259,43,11,C
125125,777,34,2026-04-25 11:30:00,Craven Cottage,27606,34,2,C
125126,777,34,2026-04-25 14:00:00,Anfield,60314,10,6,C
125127,777,34,2026-04-27 19:00:00,Old Trafford,73773,12,130,C
125128,777,34,2026-04-24 19:00:00,Stadium of Light,47047,29,15,C
125129,777,34,2026-04-25 14:00:00,London Stadium,62454,25,7,C
125130,777,34,2026-04-25 14:00:00,Molineux Stadium,31253,38,21,C
125131,777,35,2026-05-02 16:30:00,Emirates Stadium,60196,1,34,C
125132,777,35,2026-05-03 18:00:00,Villa Park,42767,2,21,C
125133,777,35,2026-05-03 13:00:00,Vitality Stadium,11122,127,6,C
125134,777,35,2026-05-02 14:00:00,Gtech Community Stadium,17194,130,25,C
125135,777,35,2026-05-04 14:00:00,Stamford Bridge,39605,4,15,C
125136,777,35,2026-05-04 19:00:00,Hill Dickinson Stadium,52257,7,11,C
125137,777,35,2026-05-01 19:00:00,Elland Road,36265,9,43,C
125138,777,35,2026-05-03 14:30:00,Old Trafford,74027,12,10,C
125139,777,35,2026-05-02 14:00:00,St. James' Park,52099,23,131,C
125140,777,35,2026-05-02 14:00:00,Molineux Stadium,29632,38,29,C
125141,777,36,2026-05-09 14:00:00,American Express Stadium,31587,131,38,C
125142,777,36,2026-05-10 13:00:00,Turf Moor,21196,43,2,C
125143,777,36,2026-05-10 13:00:00,Selhurst Park,24958,6,7,C
125144,777,36,2026-05-09 14:00:00,Craven Cottage,27626,34,127,C
125145,777,36,2026-05-09 11:30:00,Anfield,60429,10,4,C
125146,777,36,2026-05-09 16:30:00,Etihad Stadium,52489,11,130,C
125147,777,36,2026-05-10 13:00:00,The City Ground,30691,15,23,C
125148,777,36,2026-05-09 14:00:00,Stadium of Light,47233,29,12,C
125149,777,36,2026-05-11 19:00:00,Tottenham Hotspur Stadium,61048,21,9,C
125150,777,36,2026-05-10 15:30:00,London Stadium,60429,25,1,C
125151,777,37,2026-05-18 19:00:00,Emirates Stadium,60274,1,43,C
125152,777,37,2026-05-15 19:00:00,Villa Park,43033,2,10,C
125153,777,37,2026-05-19 18:30:00,Vitality Stadium,11218,127,11,C
125154,777,37,2026-05-17 14:00:00,Gtech Community Stadium,17213,130,6,C
125155,777,37,2026-05-19 19:15:00,Stamford Bridge,39463,4,21,C
125156,777,37,2026-05-17 14:00:00,Hill Dickinson Stadium,52590,7,29,C
125157,777,37,2026-05-17 14:00:00,Elland Road,36880,9,131,C
125158,777,37,2026-05-17 11:30:00,Old Trafford,74015,12,15,C
125159,777,37,2026-05-17 16:30:00,St. James' Park,52206,23,25,C
125160,777,37,2026-05-17 14:00:00,Molineux Stadium,28709,38,34,C
125161,777,38,2026-05-24 15:00:00,American Express Stadium,31729,131,12,C
125162,777,38,2026-05-24 15:00:00,Turf Moor,21057,43,38,C
125163,777,38,2026-05-24 15:00:00,Selhurst Park,25192,6,1,C
125164,777,38,2026-05-24 15:00:00,Craven Cottage,27442,34,23,C
125165,777,38,2026-05-24 15:00:00,Anfield,60325,10,130,C
125166,777,38,2026-05-24 15:00:00,Etihad Stadium,60332,11,2,C
125167,777,38,2026-05-24 15:00:00,The City Ground,30741,15,127,C
125168,777,38,2026-05-24 15:00:00,Stadium of Light,47155,29,4,C
125169,777,38,2026-05-24 15:00:00,Tottenham Hotspur Stadium,61876,21,7,C
125170,777,38,2026-05-24 15:00:00,London Stadium,62471,25,9,C
